{"model_stats": {"gemini-3-flash-preview": {"tokens": 921675, "inputTokens": 2832040, "outputTokens": 14260, "cost": 0.9216750000000001, "sessions": 16}, "claude-haiku-4-5": {"tokens": 56160, "inputTokens": 178, "outputTokens": 3650, "cost": 0.022464000000000005, "sessions": 2}, "claude-sonnet-4-6": {"tokens": 489761, "inputTokens": 24, "outputTokens": 4144, "cost": 1.8366037500000003, "sessions": 5}, "gemini-2.5-pro": {"tokens": 479719, "inputTokens": 2227208, "outputTokens": 21671, "cost": 0.479719, "sessions": 6}, "gemini-2.5-flash": {"tokens": 175079, "inputTokens": 382524, "outputTokens": 4219, "cost": 0.17507899999999998, "sessions": 4}}, "session_types": {"main": 0, "telegram": 4, "cron": 29, "subagent": 0, "other": 0}, "total_cost": 3.4355, "active_count": 0, "total_sessions": 33}