{"model_stats": {"gemini-3-flash-preview": {"tokens": 574239, "inputTokens": 1750137, "outputTokens": 10509, "cost": 0.5742389999999999, "sessions": 16}, "claude-haiku-4-5": {"tokens": 550264, "inputTokens": 865, "outputTokens": 32737, "cost": 0.22010559999999998, "sessions": 12}, "gemini-2.5-flash": {"tokens": 243799, "inputTokens": 549743, "outputTokens": 4923, "cost": 0.243799, "sessions": 4}, "claude-sonnet-4-6": {"tokens": 238344, "inputTokens": 15, "outputTokens": 1257, "cost": 0.8937900000000001, "sessions": 4}, "gemini-2.5-pro": {"tokens": 294947, "inputTokens": 1551789, "outputTokens": 19655, "cost": 0.29494699999999996, "sessions": 5}}, "session_types": {"main": 0, "telegram": 8, "cron": 26, "subagent": 7, "other": 0}, "total_cost": 2.2269, "active_count": 2, "total_sessions": 41}