{"model_stats": {"gemini-2.5-pro": {"tokens": 238804, "inputTokens": 1398727, "outputTokens": 15763, "cost": 0.23880400000000002, "sessions": 4}, "gemini-3-flash-preview": {"tokens": 760882, "inputTokens": 2402696, "outputTokens": 14121, "cost": 0.7608820000000001, "sessions": 16}, "claude-haiku-4-5": {"tokens": 50053, "inputTokens": 89, "outputTokens": 2838, "cost": 0.020021200000000003, "sessions": 2}, "claude-sonnet-4-6": {"tokens": 503398, "inputTokens": 22, "outputTokens": 4112, "cost": 1.8877425, "sessions": 5}, "gemini-2.5-flash": {"tokens": 234841, "inputTokens": 476767, "outputTokens": 4220, "cost": 0.23484100000000002, "sessions": 4}}, "session_types": {"main": 0, "telegram": 4, "cron": 27, "subagent": 0, "other": 0}, "total_cost": 3.1423, "active_count": 2, "total_sessions": 31}