{"model_stats": {"gemini-3-flash-preview": {"tokens": 966422, "inputTokens": 2192676, "outputTokens": 20590, "cost": 0.9664220000000002, "sessions": 16}, "claude-opus-4-6": {"tokens": 119376, "inputTokens": 27, "outputTokens": 13711, "cost": 2.2382999999999997, "sessions": 2}, "claude-haiku-4-5": {"tokens": 700547, "inputTokens": 505, "outputTokens": 21587, "cost": 0.28021880000000005, "sessions": 17}, "gemini-2.5-pro": {"tokens": 368732, "inputTokens": 2467458, "outputTokens": 22251, "cost": 0.36873199999999995, "sessions": 5}, "gemini-2.5-flash": {"tokens": 283276, "inputTokens": 1407427, "outputTokens": 16006, "cost": 0.283276, "sessions": 5}}, "session_types": {"main": 0, "telegram": 4, "cron": 24, "subagent": 17, "other": 0}, "total_cost": 4.1369, "active_count": 2, "total_sessions": 45}