{"model_stats": {"claude-sonnet-4-6": {"tokens": 872391, "inputTokens": 172, "outputTokens": 94942, "cost": 3.27146625, "sessions": 11}, "gemini-2.5-pro": {"tokens": 455424, "inputTokens": 2629793, "outputTokens": 28750, "cost": 0.45542399999999994, "sessions": 6}, "claude-haiku-4-5": {"tokens": 345341, "inputTokens": 1022, "outputTokens": 89792, "cost": 0.13813640000000002, "sessions": 9}, "gemini-3-flash-preview": {"tokens": 922475, "inputTokens": 2834232, "outputTokens": 13971, "cost": 0.9224750000000002, "sessions": 16}, "gemini-2.5-flash": {"tokens": 234841, "inputTokens": 476767, "outputTokens": 4220, "cost": 0.23484100000000002, "sessions": 4}}, "session_types": {"main": 0, "telegram": 4, "cron": 28, "subagent": 14, "other": 0}, "total_cost": 5.0223, "active_count": 6, "total_sessions": 46}