{"model_stats": {"gemini-2.5-pro": {"tokens": 517172, "inputTokens": 2183088, "outputTokens": 24883, "cost": 0.5171720000000001, "sessions": 6}, "claude-sonnet-4-6": {"tokens": 207800, "inputTokens": 25, "outputTokens": 4964, "cost": 0.7792499999999999, "sessions": 3}, "gemini-3-flash-preview": {"tokens": 609846, "inputTokens": 1265264, "outputTokens": 11612, "cost": 0.6098459999999999, "sessions": 16}, "claude-haiku-4-5": {"tokens": 93369, "inputTokens": 214, "outputTokens": 14143, "cost": 0.0373476, "sessions": 3}, "gemini-2.5-flash": {"tokens": 175079, "inputTokens": 382524, "outputTokens": 4219, "cost": 0.17507899999999998, "sessions": 4}}, "session_types": {"main": 0, "telegram": 2, "cron": 30, "subagent": 0, "other": 0}, "total_cost": 2.1187, "active_count": 0, "total_sessions": 32}