{"model_stats": {"claude-haiku-4-5": {"tokens": 696396, "inputTokens": 505, "outputTokens": 21584, "cost": 0.27855840000000004, "sessions": 17}, "claude-opus-4-6": {"tokens": 213124, "inputTokens": 68, "outputTokens": 40746, "cost": 3.9960750000000003, "sessions": 4}, "gemini-3-flash-preview": {"tokens": 966422, "inputTokens": 2192676, "outputTokens": 20590, "cost": 0.9664220000000002, "sessions": 16}, "gemini-2.5-pro": {"tokens": 368732, "inputTokens": 2467458, "outputTokens": 22251, "cost": 0.36873199999999995, "sessions": 5}, "gemini-2.5-flash": {"tokens": 283276, "inputTokens": 1407427, "outputTokens": 16006, "cost": 0.283276, "sessions": 5}}, "session_types": {"main": 0, "telegram": 4, "cron": 24, "subagent": 19, "other": 0}, "total_cost": 5.8931, "active_count": 18, "total_sessions": 47}